{"header":{"metaData":["Urls","Bookmarks"],"userDemographics":{"Email Address":"jeff@itradestonks.com","Date Of Birth":"1965-05-02","Gender":"Male","Ethnicity":"White","Education":"Bachelors Degree","Employment Status":"Employed part-time","Occupation":"Stock Trader","State or Province":"","Marital Status":"Single","Annual Household Income":"Over $150k","Number of Children":"1","Place of Birth":"","Political Affiliation":"N/A","Religious Affiliation":"","Languages Spoken":"Spanish"}},"content":{"session":[],"bookmarks":[],"downloads":[],"top-sites":[]}}